id,stock,year,make,model,url
83,1901,2020,Toyota,Rav4,"https://connectautosales.com/wp-content/uploads/2026/07/629275ff-7170-4a6b-80aa-4bc8f00f5c23.png"
83,1901,2020,Toyota,Rav4,"https://connectautosales.com/wp-content/uploads/2026/07/1901_car01.jpg"
83,1901,2020,Toyota,Rav4,"https://connectautosales.com/wp-content/uploads/2026/07/1901_car02.jpg"
83,1901,2020,Toyota,Rav4,"https://connectautosales.com/wp-content/uploads/2026/07/1901_car03.jpg"
83,1901,2020,Toyota,Rav4,"https://connectautosales.com/wp-content/uploads/2026/07/1901_car04.jpg"
83,1901,2020,Toyota,Rav4,"https://connectautosales.com/wp-content/uploads/2026/07/1901_car05.jpg"
83,1901,2020,Toyota,Rav4,"https://connectautosales.com/wp-content/uploads/2026/07/1901_car06.jpg"
83,1901,2020,Toyota,Rav4,"https://connectautosales.com/wp-content/uploads/2026/07/1901_car07.jpg"
83,1901,2020,Toyota,Rav4,"https://connectautosales.com/wp-content/uploads/2026/07/1901_car08.jpg"
83,1901,2020,Toyota,Rav4,"https://connectautosales.com/wp-content/uploads/2026/07/1901_car09.jpg"
83,1901,2020,Toyota,Rav4,"https://connectautosales.com/wp-content/uploads/2026/07/1901_car10.jpg"
83,1901,2020,Toyota,Rav4,"https://connectautosales.com/wp-content/uploads/2026/07/1901_car11.jpg"
83,1901,2020,Toyota,Rav4,"https://connectautosales.com/wp-content/uploads/2026/07/1901_car12.jpg"
83,1901,2020,Toyota,Rav4,"https://connectautosales.com/wp-content/uploads/2026/07/1901_car13.jpg"
83,1901,2020,Toyota,Rav4,"https://connectautosales.com/wp-content/uploads/2026/07/1901_car14.jpg"
83,1901,2020,Toyota,Rav4,"https://connectautosales.com/wp-content/uploads/2026/07/1901_car15.jpg"
83,1901,2020,Toyota,Rav4,"https://connectautosales.com/wp-content/uploads/2026/07/1901_car16.jpg"
83,1901,2020,Toyota,Rav4,"https://connectautosales.com/wp-content/uploads/2026/07/1901_car17.jpg"
83,1901,2020,Toyota,Rav4,"https://connectautosales.com/wp-content/uploads/2026/07/44663304_1_I.jpeg"
83,1901,2020,Toyota,Rav4,"https://connectautosales.com/wp-content/uploads/2026/07/44663304_2_I.jpeg"
83,1901,2020,Toyota,Rav4,"https://connectautosales.com/wp-content/uploads/2026/07/44663304_3_I.jpeg"
83,1901,2020,Toyota,Rav4,"https://connectautosales.com/wp-content/uploads/2026/07/44663304_4_I.jpeg"
82,641-R,2019,Nissan,Sentra,"https://connectautosales.com/wp-content/uploads/2026/07/de777a5d-9f59-45b0-9b6b-13f9a78da914.png"
82,641-R,2019,Nissan,Sentra,"https://connectautosales.com/wp-content/uploads/2026/07/641_Car00.jpg"
82,641-R,2019,Nissan,Sentra,"https://connectautosales.com/wp-content/uploads/2026/07/641_Car01.jpg"
82,641-R,2019,Nissan,Sentra,"https://connectautosales.com/wp-content/uploads/2026/07/641_Car02.jpg"
82,641-R,2019,Nissan,Sentra,"https://connectautosales.com/wp-content/uploads/2026/07/641_Car03.jpg"
82,641-R,2019,Nissan,Sentra,"https://connectautosales.com/wp-content/uploads/2026/07/641_Car04.jpg"
82,641-R,2019,Nissan,Sentra,"https://connectautosales.com/wp-content/uploads/2026/07/641_Car05.jpg"
82,641-R,2019,Nissan,Sentra,"https://connectautosales.com/wp-content/uploads/2026/07/641_Car06.jpg"
82,641-R,2019,Nissan,Sentra,"https://connectautosales.com/wp-content/uploads/2026/07/641_Car07.jpg"
82,641-R,2019,Nissan,Sentra,"https://connectautosales.com/wp-content/uploads/2026/07/641_Car08.jpg"
82,641-R,2019,Nissan,Sentra,"https://connectautosales.com/wp-content/uploads/2026/07/641_Car09.jpg"
82,641-R,2019,Nissan,Sentra,"https://connectautosales.com/wp-content/uploads/2026/07/641_Car10.jpg"
82,641-R,2019,Nissan,Sentra,"https://connectautosales.com/wp-content/uploads/2026/07/641_Car11.jpg"
82,641-R,2019,Nissan,Sentra,"https://connectautosales.com/wp-content/uploads/2026/07/641_Car12.jpg"
82,641-R,2019,Nissan,Sentra,"https://connectautosales.com/wp-content/uploads/2026/07/641_Car13.jpg"
82,641-R,2019,Nissan,Sentra,"https://connectautosales.com/wp-content/uploads/2026/07/641_Car14.jpg"
82,641-R,2019,Nissan,Sentra,"https://connectautosales.com/wp-content/uploads/2026/07/641_Car15.jpg"
82,641-R,2019,Nissan,Sentra,"https://connectautosales.com/wp-content/uploads/2026/07/641_Car16.jpg"
82,641-R,2019,Nissan,Sentra,"https://connectautosales.com/wp-content/uploads/2026/07/641-Accident01.jpg"
82,641-R,2019,Nissan,Sentra,"https://connectautosales.com/wp-content/uploads/2026/07/641-Accident02.jpg"
82,641-R,2019,Nissan,Sentra,"https://connectautosales.com/wp-content/uploads/2026/07/641-Accident03.jpg"
82,641-R,2019,Nissan,Sentra,"https://connectautosales.com/wp-content/uploads/2026/07/641-Accident04.jpg"
81,1786,2019,Honda,Pilot,"https://connectautosales.com/wp-content/uploads/2026/07/5073344a-d1a8-4485-8e87-c91cf6355841.png"
81,1786,2019,Honda,Pilot,"https://connectautosales.com/wp-content/uploads/2026/07/1786_car01.jpg"
81,1786,2019,Honda,Pilot,"https://connectautosales.com/wp-content/uploads/2026/07/1786_car02.jpg"
81,1786,2019,Honda,Pilot,"https://connectautosales.com/wp-content/uploads/2026/07/1786_car03.jpg"
81,1786,2019,Honda,Pilot,"https://connectautosales.com/wp-content/uploads/2026/07/1786_car04.jpg"
81,1786,2019,Honda,Pilot,"https://connectautosales.com/wp-content/uploads/2026/07/1786_car05.jpg"
81,1786,2019,Honda,Pilot,"https://connectautosales.com/wp-content/uploads/2026/07/1786_car06.jpg"
81,1786,2019,Honda,Pilot,"https://connectautosales.com/wp-content/uploads/2026/07/1786_car07.jpg"
81,1786,2019,Honda,Pilot,"https://connectautosales.com/wp-content/uploads/2026/07/1786_car08.jpg"
81,1786,2019,Honda,Pilot,"https://connectautosales.com/wp-content/uploads/2026/07/1786_car09.jpg"
81,1786,2019,Honda,Pilot,"https://connectautosales.com/wp-content/uploads/2026/07/1786_car10.jpg"
81,1786,2019,Honda,Pilot,"https://connectautosales.com/wp-content/uploads/2026/07/1786_car11.jpg"
81,1786,2019,Honda,Pilot,"https://connectautosales.com/wp-content/uploads/2026/07/1786_car12.jpg"
81,1786,2019,Honda,Pilot,"https://connectautosales.com/wp-content/uploads/2026/07/1786_car13.jpg"
81,1786,2019,Honda,Pilot,"https://connectautosales.com/wp-content/uploads/2026/07/1786_car14.jpg"
81,1786,2019,Honda,Pilot,"https://connectautosales.com/wp-content/uploads/2026/07/1786_car15.jpg"
81,1786,2019,Honda,Pilot,"https://connectautosales.com/wp-content/uploads/2026/07/1786_car16.jpg"
81,1786,2019,Honda,Pilot,"https://connectautosales.com/wp-content/uploads/2026/07/1786_car17.jpg"
81,1786,2019,Honda,Pilot,"https://connectautosales.com/wp-content/uploads/2026/07/44261893_1_I.jpeg"
81,1786,2019,Honda,Pilot,"https://connectautosales.com/wp-content/uploads/2026/07/44261893_2_I.jpeg"
81,1786,2019,Honda,Pilot,"https://connectautosales.com/wp-content/uploads/2026/07/44261893_3_I.jpeg"
81,1786,2019,Honda,Pilot,"https://connectautosales.com/wp-content/uploads/2026/07/44261893_4_I.jpeg"
80,1989,2024,Nissan,Rogue,"https://connectautosales.com/wp-content/uploads/2026/07/6926d3b8-707b-4b62-a2a6-73b3c0835f69.png"
80,1989,2024,Nissan,Rogue,"https://connectautosales.com/wp-content/uploads/2026/07/1989_CAR01.jpg"
80,1989,2024,Nissan,Rogue,"https://connectautosales.com/wp-content/uploads/2026/07/1989_CAR02.jpg"
80,1989,2024,Nissan,Rogue,"https://connectautosales.com/wp-content/uploads/2026/07/1989_CAR03.jpg"
80,1989,2024,Nissan,Rogue,"https://connectautosales.com/wp-content/uploads/2026/07/1989_CAR04.jpg"
80,1989,2024,Nissan,Rogue,"https://connectautosales.com/wp-content/uploads/2026/07/1989_CAR05.jpg"
80,1989,2024,Nissan,Rogue,"https://connectautosales.com/wp-content/uploads/2026/07/1989_CAR06.jpg"
80,1989,2024,Nissan,Rogue,"https://connectautosales.com/wp-content/uploads/2026/07/1989_CAR07.jpg"
80,1989,2024,Nissan,Rogue,"https://connectautosales.com/wp-content/uploads/2026/07/1989_CAR08.jpg"
80,1989,2024,Nissan,Rogue,"https://connectautosales.com/wp-content/uploads/2026/07/1989_CAR09.jpg"
80,1989,2024,Nissan,Rogue,"https://connectautosales.com/wp-content/uploads/2026/07/1989_CAR10.jpg"
80,1989,2024,Nissan,Rogue,"https://connectautosales.com/wp-content/uploads/2026/07/1989_CAR11.jpg"
80,1989,2024,Nissan,Rogue,"https://connectautosales.com/wp-content/uploads/2026/07/1989_CAR12.jpg"
80,1989,2024,Nissan,Rogue,"https://connectautosales.com/wp-content/uploads/2026/07/1989_CAR13.jpg"
80,1989,2024,Nissan,Rogue,"https://connectautosales.com/wp-content/uploads/2026/07/1989_CAR14.jpg"
80,1989,2024,Nissan,Rogue,"https://connectautosales.com/wp-content/uploads/2026/07/1989_CAR15.jpg"
80,1989,2024,Nissan,Rogue,"https://connectautosales.com/wp-content/uploads/2026/07/1989_CAR16.jpg"
80,1989,2024,Nissan,Rogue,"https://connectautosales.com/wp-content/uploads/2026/07/1989_CAR17.jpg"
80,1989,2024,Nissan,Rogue,"https://connectautosales.com/wp-content/uploads/2026/07/1989_CAR18.jpg"
80,1989,2024,Nissan,Rogue,"https://connectautosales.com/wp-content/uploads/2026/07/44987930_1_I.jpeg"
80,1989,2024,Nissan,Rogue,"https://connectautosales.com/wp-content/uploads/2026/07/44987930_2_I.jpeg"
80,1989,2024,Nissan,Rogue,"https://connectautosales.com/wp-content/uploads/2026/07/44987930_3_I.jpeg"
80,1989,2024,Nissan,Rogue,"https://connectautosales.com/wp-content/uploads/2026/07/44987930_4_I.jpeg"
79,1990,2022,Chevrolet,Blazer,"https://connectautosales.com/wp-content/uploads/2026/07/569e6ede-a033-42c6-b7e9-66ad92425fa8.png"
79,1990,2022,Chevrolet,Blazer,"https://connectautosales.com/wp-content/uploads/2026/07/1990_CAR01.jpg"
79,1990,2022,Chevrolet,Blazer,"https://connectautosales.com/wp-content/uploads/2026/07/1990_CAR02.jpg"
79,1990,2022,Chevrolet,Blazer,"https://connectautosales.com/wp-content/uploads/2026/07/1990_CAR03.jpg"
79,1990,2022,Chevrolet,Blazer,"https://connectautosales.com/wp-content/uploads/2026/07/1990_CAR04.jpg"
79,1990,2022,Chevrolet,Blazer,"https://connectautosales.com/wp-content/uploads/2026/07/1990_CAR05.jpg"
79,1990,2022,Chevrolet,Blazer,"https://connectautosales.com/wp-content/uploads/2026/07/1990_CAR06.jpg"
79,1990,2022,Chevrolet,Blazer,"https://connectautosales.com/wp-content/uploads/2026/07/1990_CAR07.jpg"
79,1990,2022,Chevrolet,Blazer,"https://connectautosales.com/wp-content/uploads/2026/07/1990_CAR08.jpg"
79,1990,2022,Chevrolet,Blazer,"https://connectautosales.com/wp-content/uploads/2026/07/1990_CAR09.jpg"
79,1990,2022,Chevrolet,Blazer,"https://connectautosales.com/wp-content/uploads/2026/07/1990_CAR10.jpg"
79,1990,2022,Chevrolet,Blazer,"https://connectautosales.com/wp-content/uploads/2026/07/1990_CAR11.jpg"
79,1990,2022,Chevrolet,Blazer,"https://connectautosales.com/wp-content/uploads/2026/07/1990_CAR12.jpg"
79,1990,2022,Chevrolet,Blazer,"https://connectautosales.com/wp-content/uploads/2026/07/1990_CAR13.jpg"
79,1990,2022,Chevrolet,Blazer,"https://connectautosales.com/wp-content/uploads/2026/07/1990_CAR14.jpg"
79,1990,2022,Chevrolet,Blazer,"https://connectautosales.com/wp-content/uploads/2026/07/1990_CAR15.jpg"
79,1990,2022,Chevrolet,Blazer,"https://connectautosales.com/wp-content/uploads/2026/07/1990_CAR16.jpg"
79,1990,2022,Chevrolet,Blazer,"https://connectautosales.com/wp-content/uploads/2026/07/1990_CAR17.jpg"
79,1990,2022,Chevrolet,Blazer,"https://connectautosales.com/wp-content/uploads/2026/07/1990_CAR18.jpg"
79,1990,2022,Chevrolet,Blazer,"https://connectautosales.com/wp-content/uploads/2026/07/45077809_1_I.jpeg"
79,1990,2022,Chevrolet,Blazer,"https://connectautosales.com/wp-content/uploads/2026/07/45077809_2_I.jpeg"
79,1990,2022,Chevrolet,Blazer,"https://connectautosales.com/wp-content/uploads/2026/07/45077809_3_I.jpeg"
79,1990,2022,Chevrolet,Blazer,"https://connectautosales.com/wp-content/uploads/2026/07/45077809_4_I.jpeg"
78,1967,2021,Subaru,Impreza,"https://connectautosales.com/wp-content/uploads/2026/07/0adeb0ea-2423-4ec5-aeac-7dce4c902b27.png"
78,1967,2021,Subaru,Impreza,"https://connectautosales.com/wp-content/uploads/2026/07/1967_CAR01.jpg"
78,1967,2021,Subaru,Impreza,"https://connectautosales.com/wp-content/uploads/2026/07/1967_CAR02.jpg"
78,1967,2021,Subaru,Impreza,"https://connectautosales.com/wp-content/uploads/2026/07/1967_CAR03.jpg"
78,1967,2021,Subaru,Impreza,"https://connectautosales.com/wp-content/uploads/2026/07/1967_CAR04.jpg"
78,1967,2021,Subaru,Impreza,"https://connectautosales.com/wp-content/uploads/2026/07/1967_CAR05.jpg"
78,1967,2021,Subaru,Impreza,"https://connectautosales.com/wp-content/uploads/2026/07/1967_CAR06.jpg"
78,1967,2021,Subaru,Impreza,"https://connectautosales.com/wp-content/uploads/2026/07/1967_CAR07.jpg"
78,1967,2021,Subaru,Impreza,"https://connectautosales.com/wp-content/uploads/2026/07/1967_CAR08.jpg"
78,1967,2021,Subaru,Impreza,"https://connectautosales.com/wp-content/uploads/2026/07/1967_CAR09.jpg"
78,1967,2021,Subaru,Impreza,"https://connectautosales.com/wp-content/uploads/2026/07/1967_CAR10.jpg"
78,1967,2021,Subaru,Impreza,"https://connectautosales.com/wp-content/uploads/2026/07/1967_CAR11.jpg"
78,1967,2021,Subaru,Impreza,"https://connectautosales.com/wp-content/uploads/2026/07/1967_CAR12.jpg"
78,1967,2021,Subaru,Impreza,"https://connectautosales.com/wp-content/uploads/2026/07/1967_CAR13.jpg"
78,1967,2021,Subaru,Impreza,"https://connectautosales.com/wp-content/uploads/2026/07/1967_CAR14.jpg"
78,1967,2021,Subaru,Impreza,"https://connectautosales.com/wp-content/uploads/2026/07/1967_CAR15.jpg"
78,1967,2021,Subaru,Impreza,"https://connectautosales.com/wp-content/uploads/2026/07/1967_CAR16.jpg"
78,1967,2021,Subaru,Impreza,"https://connectautosales.com/wp-content/uploads/2026/07/1967_CAR17.jpg"
78,1967,2021,Subaru,Impreza,"https://connectautosales.com/wp-content/uploads/2026/07/1967_CAR18.jpg"
78,1967,2021,Subaru,Impreza,"https://connectautosales.com/wp-content/uploads/2026/07/1967_CAR19.jpg"
78,1967,2021,Subaru,Impreza,"https://connectautosales.com/wp-content/uploads/2026/07/45094687_1_I.jpeg"
78,1967,2021,Subaru,Impreza,"https://connectautosales.com/wp-content/uploads/2026/07/45094687_2_I.jpeg"
78,1967,2021,Subaru,Impreza,"https://connectautosales.com/wp-content/uploads/2026/07/45094687_3_I.jpeg"
78,1967,2021,Subaru,Impreza,"https://connectautosales.com/wp-content/uploads/2026/07/45094687_4_I.jpeg"
77,1943,2021,Jeep,Grand,"https://connectautosales.com/wp-content/uploads/2026/07/0531837f-e495-4cda-b4ac-102896b9cf37.png"
77,1943,2021,Jeep,Grand,"https://connectautosales.com/wp-content/uploads/2026/07/1943_CAR01.jpg"
77,1943,2021,Jeep,Grand,"https://connectautosales.com/wp-content/uploads/2026/07/1943_CAR02.jpg"
77,1943,2021,Jeep,Grand,"https://connectautosales.com/wp-content/uploads/2026/07/1943_CAR03.jpg"
77,1943,2021,Jeep,Grand,"https://connectautosales.com/wp-content/uploads/2026/07/1943_CAR04.jpg"
77,1943,2021,Jeep,Grand,"https://connectautosales.com/wp-content/uploads/2026/07/1943_CAR05.jpg"
77,1943,2021,Jeep,Grand,"https://connectautosales.com/wp-content/uploads/2026/07/1943_CAR06.jpg"
77,1943,2021,Jeep,Grand,"https://connectautosales.com/wp-content/uploads/2026/07/1943_CAR07.jpg"
77,1943,2021,Jeep,Grand,"https://connectautosales.com/wp-content/uploads/2026/07/1943_CAR08.jpg"
77,1943,2021,Jeep,Grand,"https://connectautosales.com/wp-content/uploads/2026/07/1943_CAR09.jpg"
77,1943,2021,Jeep,Grand,"https://connectautosales.com/wp-content/uploads/2026/07/1943_CAR10.jpg"
77,1943,2021,Jeep,Grand,"https://connectautosales.com/wp-content/uploads/2026/07/1943_CAR12.jpg"
77,1943,2021,Jeep,Grand,"https://connectautosales.com/wp-content/uploads/2026/07/1943_CAR13.jpg"
77,1943,2021,Jeep,Grand,"https://connectautosales.com/wp-content/uploads/2026/07/1943_CAR14.jpg"
77,1943,2021,Jeep,Grand,"https://connectautosales.com/wp-content/uploads/2026/07/1943_CAR15.jpg"
77,1943,2021,Jeep,Grand,"https://connectautosales.com/wp-content/uploads/2026/07/1943_CAR16.jpg"
77,1943,2021,Jeep,Grand,"https://connectautosales.com/wp-content/uploads/2026/07/44574451_1_I.jpeg"
77,1943,2021,Jeep,Grand,"https://connectautosales.com/wp-content/uploads/2026/07/44574451_2_I.jpeg"
77,1943,2021,Jeep,Grand,"https://connectautosales.com/wp-content/uploads/2026/07/44574451_3_I.jpeg"
77,1943,2021,Jeep,Grand,"https://connectautosales.com/wp-content/uploads/2026/07/44574451_4_I.jpeg"
76,1958,2017,Jeep,Grand,"https://connectautosales.com/wp-content/uploads/2026/07/1958_car01-1.png"
76,1958,2017,Jeep,Grand,"https://connectautosales.com/wp-content/uploads/2026/07/1958_car01.png"
76,1958,2017,Jeep,Grand,"https://connectautosales.com/wp-content/uploads/2026/07/1958_car02.png"
76,1958,2017,Jeep,Grand,"https://connectautosales.com/wp-content/uploads/2026/07/1958_car03.png"
76,1958,2017,Jeep,Grand,"https://connectautosales.com/wp-content/uploads/2026/07/1958_car04.jpg"
76,1958,2017,Jeep,Grand,"https://connectautosales.com/wp-content/uploads/2026/07/1958_car05.jpg"
76,1958,2017,Jeep,Grand,"https://connectautosales.com/wp-content/uploads/2026/07/1958_car06.jpg"
76,1958,2017,Jeep,Grand,"https://connectautosales.com/wp-content/uploads/2026/07/1958_car07.jpg"
76,1958,2017,Jeep,Grand,"https://connectautosales.com/wp-content/uploads/2026/07/1958_car08.jpg"
76,1958,2017,Jeep,Grand,"https://connectautosales.com/wp-content/uploads/2026/07/1958_car09.jpg"
76,1958,2017,Jeep,Grand,"https://connectautosales.com/wp-content/uploads/2026/07/1958_car10.jpg"
76,1958,2017,Jeep,Grand,"https://connectautosales.com/wp-content/uploads/2026/07/1958_car11.jpg"
76,1958,2017,Jeep,Grand,"https://connectautosales.com/wp-content/uploads/2026/07/1958_car12.jpg"
76,1958,2017,Jeep,Grand,"https://connectautosales.com/wp-content/uploads/2026/07/1958_car13.jpg"
76,1958,2017,Jeep,Grand,"https://connectautosales.com/wp-content/uploads/2026/07/1958_car14.jpg"
76,1958,2017,Jeep,Grand,"https://connectautosales.com/wp-content/uploads/2026/07/1958_car15.png"
76,1958,2017,Jeep,Grand,"https://connectautosales.com/wp-content/uploads/2026/07/45057755_1_I.jpeg"
76,1958,2017,Jeep,Grand,"https://connectautosales.com/wp-content/uploads/2026/07/45057755_2_I.jpeg"
76,1958,2017,Jeep,Grand,"https://connectautosales.com/wp-content/uploads/2026/07/45057755_3_I.jpeg"
76,1958,2017,Jeep,Grand,"https://connectautosales.com/wp-content/uploads/2026/07/45057755_4_I.jpeg"
75,1947,2017,Ford,Explorer,"https://connectautosales.com/wp-content/uploads/2026/07/dc3a5daa-67b3-4031-a4d4-56b01a29a5c6.png"
75,1947,2017,Ford,Explorer,"https://connectautosales.com/wp-content/uploads/2026/07/1947_car01.jpg"
75,1947,2017,Ford,Explorer,"https://connectautosales.com/wp-content/uploads/2026/07/1947_car02.jpg"
75,1947,2017,Ford,Explorer,"https://connectautosales.com/wp-content/uploads/2026/07/1947_car03.jpg"
75,1947,2017,Ford,Explorer,"https://connectautosales.com/wp-content/uploads/2026/07/1947_car04.jpg"
75,1947,2017,Ford,Explorer,"https://connectautosales.com/wp-content/uploads/2026/07/1947_car05.jpg"
75,1947,2017,Ford,Explorer,"https://connectautosales.com/wp-content/uploads/2026/07/1947_car06.jpg"
75,1947,2017,Ford,Explorer,"https://connectautosales.com/wp-content/uploads/2026/07/1947_car07.jpg"
75,1947,2017,Ford,Explorer,"https://connectautosales.com/wp-content/uploads/2026/07/1947_car08.jpg"
75,1947,2017,Ford,Explorer,"https://connectautosales.com/wp-content/uploads/2026/07/1947_car09.jpg"
75,1947,2017,Ford,Explorer,"https://connectautosales.com/wp-content/uploads/2026/07/1947_car10.jpg"
75,1947,2017,Ford,Explorer,"https://connectautosales.com/wp-content/uploads/2026/07/1947_car11.jpg"
75,1947,2017,Ford,Explorer,"https://connectautosales.com/wp-content/uploads/2026/07/1947_car12.jpg"
75,1947,2017,Ford,Explorer,"https://connectautosales.com/wp-content/uploads/2026/07/1947_car13.jpg"
75,1947,2017,Ford,Explorer,"https://connectautosales.com/wp-content/uploads/2026/07/1947_car14.jpg"
75,1947,2017,Ford,Explorer,"https://connectautosales.com/wp-content/uploads/2026/07/1947_car15.jpg"
75,1947,2017,Ford,Explorer,"https://connectautosales.com/wp-content/uploads/2026/07/1947_car16.jpg"
75,1947,2017,Ford,Explorer,"https://connectautosales.com/wp-content/uploads/2026/07/1947_car17.jpg"
75,1947,2017,Ford,Explorer,"https://connectautosales.com/wp-content/uploads/2026/07/1947_car18.jpg"
75,1947,2017,Ford,Explorer,"https://connectautosales.com/wp-content/uploads/2026/07/44784071_1_I.jpeg"
75,1947,2017,Ford,Explorer,"https://connectautosales.com/wp-content/uploads/2026/07/44784071_2_I.jpeg"
75,1947,2017,Ford,Explorer,"https://connectautosales.com/wp-content/uploads/2026/07/44784071_3_I.jpeg"
75,1947,2017,Ford,Explorer,"https://connectautosales.com/wp-content/uploads/2026/07/44784071_4_I.jpeg"
73,1913,2019,Mercedes-benz,Gla,"https://connectautosales.com/wp-content/uploads/2026/06/8dd1d47e-d112-46f3-b74e-2560d3439638.png"
73,1913,2019,Mercedes-benz,Gla,"https://connectautosales.com/wp-content/uploads/2026/06/1913_car01.jpg"
73,1913,2019,Mercedes-benz,Gla,"https://connectautosales.com/wp-content/uploads/2026/06/1913_car02.jpg"
73,1913,2019,Mercedes-benz,Gla,"https://connectautosales.com/wp-content/uploads/2026/06/1913_car03.jpg"
73,1913,2019,Mercedes-benz,Gla,"https://connectautosales.com/wp-content/uploads/2026/06/1913_car04.jpg"
73,1913,2019,Mercedes-benz,Gla,"https://connectautosales.com/wp-content/uploads/2026/06/1913_car05.jpg"
73,1913,2019,Mercedes-benz,Gla,"https://connectautosales.com/wp-content/uploads/2026/06/1913_car06.jpg"
73,1913,2019,Mercedes-benz,Gla,"https://connectautosales.com/wp-content/uploads/2026/06/1913_car07.jpg"
73,1913,2019,Mercedes-benz,Gla,"https://connectautosales.com/wp-content/uploads/2026/06/1913_car08.jpg"
73,1913,2019,Mercedes-benz,Gla,"https://connectautosales.com/wp-content/uploads/2026/06/1913_car09.jpg"
73,1913,2019,Mercedes-benz,Gla,"https://connectautosales.com/wp-content/uploads/2026/06/1913_car10.jpg"
73,1913,2019,Mercedes-benz,Gla,"https://connectautosales.com/wp-content/uploads/2026/06/1913_car11.jpg"
73,1913,2019,Mercedes-benz,Gla,"https://connectautosales.com/wp-content/uploads/2026/06/1913_car12.jpg"
73,1913,2019,Mercedes-benz,Gla,"https://connectautosales.com/wp-content/uploads/2026/06/1913_car13.jpg"
73,1913,2019,Mercedes-benz,Gla,"https://connectautosales.com/wp-content/uploads/2026/06/1913_car15.jpg"
73,1913,2019,Mercedes-benz,Gla,"https://connectautosales.com/wp-content/uploads/2026/06/1913_car16.jpg"
73,1913,2019,Mercedes-benz,Gla,"https://connectautosales.com/wp-content/uploads/2026/06/1913_car17.jpg"
73,1913,2019,Mercedes-benz,Gla,"https://connectautosales.com/wp-content/uploads/2026/06/1913_car18.jpg"
73,1913,2019,Mercedes-benz,Gla,"https://connectautosales.com/wp-content/uploads/2026/06/1913_car19.jpg"
73,1913,2019,Mercedes-benz,Gla,"https://connectautosales.com/wp-content/uploads/2026/06/44391706_1_I.jpeg"
73,1913,2019,Mercedes-benz,Gla,"https://connectautosales.com/wp-content/uploads/2026/06/44391706_2_I.jpeg"
73,1913,2019,Mercedes-benz,Gla,"https://connectautosales.com/wp-content/uploads/2026/06/44391706_3_I.jpeg"
73,1913,2019,Mercedes-benz,Gla,"https://connectautosales.com/wp-content/uploads/2026/06/44391706_4_I.jpeg"
72,1974,2018,Jeep,Grand,"https://connectautosales.com/wp-content/uploads/2026/06/35e85aa7-2628-4650-ab81-5d6f852a86e8.png"
72,1974,2018,Jeep,Grand,"https://connectautosales.com/wp-content/uploads/2026/06/1974_car01-scaled.jpg"
72,1974,2018,Jeep,Grand,"https://connectautosales.com/wp-content/uploads/2026/06/1974_car02-scaled.jpg"
72,1974,2018,Jeep,Grand,"https://connectautosales.com/wp-content/uploads/2026/06/1974_car03-scaled.jpg"
72,1974,2018,Jeep,Grand,"https://connectautosales.com/wp-content/uploads/2026/06/1974_car04-scaled.jpg"
72,1974,2018,Jeep,Grand,"https://connectautosales.com/wp-content/uploads/2026/06/1974_car05-scaled.jpg"
72,1974,2018,Jeep,Grand,"https://connectautosales.com/wp-content/uploads/2026/06/1974_car06-scaled.jpg"
72,1974,2018,Jeep,Grand,"https://connectautosales.com/wp-content/uploads/2026/06/1974_car07.jpg"
72,1974,2018,Jeep,Grand,"https://connectautosales.com/wp-content/uploads/2026/06/1974_car08.jpg"
72,1974,2018,Jeep,Grand,"https://connectautosales.com/wp-content/uploads/2026/06/1974_car09.jpg"
72,1974,2018,Jeep,Grand,"https://connectautosales.com/wp-content/uploads/2026/06/1974_car10.jpg"
72,1974,2018,Jeep,Grand,"https://connectautosales.com/wp-content/uploads/2026/06/1974_car11.jpg"
72,1974,2018,Jeep,Grand,"https://connectautosales.com/wp-content/uploads/2026/06/1974_car12.jpg"
72,1974,2018,Jeep,Grand,"https://connectautosales.com/wp-content/uploads/2026/06/1974_car13.jpg"
72,1974,2018,Jeep,Grand,"https://connectautosales.com/wp-content/uploads/2026/06/1974_car14.jpg"
72,1974,2018,Jeep,Grand,"https://connectautosales.com/wp-content/uploads/2026/06/1974_car15.jpg"
72,1974,2018,Jeep,Grand,"https://connectautosales.com/wp-content/uploads/2026/06/1974_car17.jpg"
72,1974,2018,Jeep,Grand,"https://connectautosales.com/wp-content/uploads/2026/06/1974_car18.jpg"
72,1974,2018,Jeep,Grand,"https://connectautosales.com/wp-content/uploads/2026/06/44553251_1_I.jpeg"
72,1974,2018,Jeep,Grand,"https://connectautosales.com/wp-content/uploads/2026/06/44553251_2_I.jpeg"
72,1974,2018,Jeep,Grand,"https://connectautosales.com/wp-content/uploads/2026/06/44553251_3_I.jpeg"
72,1974,2018,Jeep,Grand,"https://connectautosales.com/wp-content/uploads/2026/06/44553251_4_I.jpeg"
70,1948,2019,Jeep,Renegade,"https://connectautosales.com/wp-content/uploads/2026/06/dfb352cb-5cf5-4af9-b3b6-afc542555556.png"
70,1948,2019,Jeep,Renegade,"https://connectautosales.com/wp-content/uploads/2026/06/1948_CAR01.png"
70,1948,2019,Jeep,Renegade,"https://connectautosales.com/wp-content/uploads/2026/06/1948_CAR02.png"
70,1948,2019,Jeep,Renegade,"https://connectautosales.com/wp-content/uploads/2026/06/1948_CAR03.png"
70,1948,2019,Jeep,Renegade,"https://connectautosales.com/wp-content/uploads/2026/06/1948_CAR04.jpg"
70,1948,2019,Jeep,Renegade,"https://connectautosales.com/wp-content/uploads/2026/06/1948_CAR05.jpg"
70,1948,2019,Jeep,Renegade,"https://connectautosales.com/wp-content/uploads/2026/06/1948_CAR06.jpg"
70,1948,2019,Jeep,Renegade,"https://connectautosales.com/wp-content/uploads/2026/06/1948_CAR07.jpg"
70,1948,2019,Jeep,Renegade,"https://connectautosales.com/wp-content/uploads/2026/06/1948_CAR08.jpg"
70,1948,2019,Jeep,Renegade,"https://connectautosales.com/wp-content/uploads/2026/06/1948_CAR09.jpg"
70,1948,2019,Jeep,Renegade,"https://connectautosales.com/wp-content/uploads/2026/06/1948_CAR10.jpg"
70,1948,2019,Jeep,Renegade,"https://connectautosales.com/wp-content/uploads/2026/06/1948_CAR11.jpg"
70,1948,2019,Jeep,Renegade,"https://connectautosales.com/wp-content/uploads/2026/06/1948_CAR12.jpg"
70,1948,2019,Jeep,Renegade,"https://connectautosales.com/wp-content/uploads/2026/06/1948_CAR13.jpg"
70,1948,2019,Jeep,Renegade,"https://connectautosales.com/wp-content/uploads/2026/06/1948_CAR14.jpg"
70,1948,2019,Jeep,Renegade,"https://connectautosales.com/wp-content/uploads/2026/06/1948_CAR15.jpg"
70,1948,2019,Jeep,Renegade,"https://connectautosales.com/wp-content/uploads/2026/06/1948_CAR16.jpg"
70,1948,2019,Jeep,Renegade,"https://connectautosales.com/wp-content/uploads/2026/06/1948_CAR17.jpg"
70,1948,2019,Jeep,Renegade,"https://connectautosales.com/wp-content/uploads/2026/06/44985886_1_I.jpeg"
70,1948,2019,Jeep,Renegade,"https://connectautosales.com/wp-content/uploads/2026/06/44985886_2_I.jpeg"
70,1948,2019,Jeep,Renegade,"https://connectautosales.com/wp-content/uploads/2026/06/44985886_3_I.jpeg"
70,1948,2019,Jeep,Renegade,"https://connectautosales.com/wp-content/uploads/2026/06/44985886_4_I.jpeg"
64,1944,2024,Mazda,Cx-50,"https://connectautosales.com/wp-content/uploads/2026/06/d0bd3fe0-aaa2-41fe-8f17-f20e509ab8af.png"
64,1944,2024,Mazda,Cx-50,"https://connectautosales.com/wp-content/uploads/2026/06/1944_car01.jpg"
64,1944,2024,Mazda,Cx-50,"https://connectautosales.com/wp-content/uploads/2026/06/1944_car02.jpg"
64,1944,2024,Mazda,Cx-50,"https://connectautosales.com/wp-content/uploads/2026/06/1944_car03.jpg"
64,1944,2024,Mazda,Cx-50,"https://connectautosales.com/wp-content/uploads/2026/06/1944_car04.jpg"
64,1944,2024,Mazda,Cx-50,"https://connectautosales.com/wp-content/uploads/2026/06/1944_car05.jpg"
64,1944,2024,Mazda,Cx-50,"https://connectautosales.com/wp-content/uploads/2026/06/1944_car06.jpg"
64,1944,2024,Mazda,Cx-50,"https://connectautosales.com/wp-content/uploads/2026/06/1944_car07.jpg"
64,1944,2024,Mazda,Cx-50,"https://connectautosales.com/wp-content/uploads/2026/06/1944_car08.jpg"
64,1944,2024,Mazda,Cx-50,"https://connectautosales.com/wp-content/uploads/2026/06/1944_car09.jpg"
64,1944,2024,Mazda,Cx-50,"https://connectautosales.com/wp-content/uploads/2026/06/1944_car10.jpg"
64,1944,2024,Mazda,Cx-50,"https://connectautosales.com/wp-content/uploads/2026/06/1944_car11.jpg"
64,1944,2024,Mazda,Cx-50,"https://connectautosales.com/wp-content/uploads/2026/06/1944_car12.jpg"
64,1944,2024,Mazda,Cx-50,"https://connectautosales.com/wp-content/uploads/2026/06/1944_car13.jpg"
64,1944,2024,Mazda,Cx-50,"https://connectautosales.com/wp-content/uploads/2026/06/1944_car14.jpg"
64,1944,2024,Mazda,Cx-50,"https://connectautosales.com/wp-content/uploads/2026/06/1944_car15.jpg"
64,1944,2024,Mazda,Cx-50,"https://connectautosales.com/wp-content/uploads/2026/06/1944_car16.jpg"
64,1944,2024,Mazda,Cx-50,"https://connectautosales.com/wp-content/uploads/2026/06/1944_car17.jpg"
64,1944,2024,Mazda,Cx-50,"https://connectautosales.com/wp-content/uploads/2026/06/1944_car18.jpg"
64,1944,2024,Mazda,Cx-50,"https://connectautosales.com/wp-content/uploads/2026/06/44963460_1_I.jpeg"
64,1944,2024,Mazda,Cx-50,"https://connectautosales.com/wp-content/uploads/2026/06/44963460_2_I.jpeg"
64,1944,2024,Mazda,Cx-50,"https://connectautosales.com/wp-content/uploads/2026/06/44963460_3_I.jpeg"
64,1944,2024,Mazda,Cx-50,"https://connectautosales.com/wp-content/uploads/2026/06/44963460_4_I.jpeg"
61,1883,2018,Subaru,Impreza,"https://connectautosales.com/wp-content/uploads/2026/06/f6573e7c-365b-43c5-a7a9-5ae7610074a7.png"
61,1883,2018,Subaru,Impreza,"https://connectautosales.com/wp-content/uploads/2026/06/1883_Car00.jpg"
61,1883,2018,Subaru,Impreza,"https://connectautosales.com/wp-content/uploads/2026/06/1883_Car01.jpg"
61,1883,2018,Subaru,Impreza,"https://connectautosales.com/wp-content/uploads/2026/06/1883_Car02.jpg"
61,1883,2018,Subaru,Impreza,"https://connectautosales.com/wp-content/uploads/2026/06/1883_Car03.jpg"
61,1883,2018,Subaru,Impreza,"https://connectautosales.com/wp-content/uploads/2026/06/1883_Car04.jpg"
61,1883,2018,Subaru,Impreza,"https://connectautosales.com/wp-content/uploads/2026/06/1883_Car05.jpg"
61,1883,2018,Subaru,Impreza,"https://connectautosales.com/wp-content/uploads/2026/06/1883_Car07.jpg"
61,1883,2018,Subaru,Impreza,"https://connectautosales.com/wp-content/uploads/2026/06/1883_Car08.jpg"
61,1883,2018,Subaru,Impreza,"https://connectautosales.com/wp-content/uploads/2026/06/1883_Car09.jpg"
61,1883,2018,Subaru,Impreza,"https://connectautosales.com/wp-content/uploads/2026/06/1883_Car10.jpg"
61,1883,2018,Subaru,Impreza,"https://connectautosales.com/wp-content/uploads/2026/06/1883_Car11.jpg"
61,1883,2018,Subaru,Impreza,"https://connectautosales.com/wp-content/uploads/2026/06/1883_Car12.jpg"
61,1883,2018,Subaru,Impreza,"https://connectautosales.com/wp-content/uploads/2026/06/1883_Car13.jpg"
61,1883,2018,Subaru,Impreza,"https://connectautosales.com/wp-content/uploads/2026/06/1883_Car14.jpg"
61,1883,2018,Subaru,Impreza,"https://connectautosales.com/wp-content/uploads/2026/06/1883_Car15.jpg"
61,1883,2018,Subaru,Impreza,"https://connectautosales.com/wp-content/uploads/2026/06/1883_Car16.jpg"
61,1883,2018,Subaru,Impreza,"https://connectautosales.com/wp-content/uploads/2026/06/1883_Car17.jpg"
61,1883,2018,Subaru,Impreza,"https://connectautosales.com/wp-content/uploads/2026/06/1883_Car18.jpg"
61,1883,2018,Subaru,Impreza,"https://connectautosales.com/wp-content/uploads/2026/06/44291723_1_I.jpeg"
61,1883,2018,Subaru,Impreza,"https://connectautosales.com/wp-content/uploads/2026/06/44291723_2_I.jpeg"
61,1883,2018,Subaru,Impreza,"https://connectautosales.com/wp-content/uploads/2026/06/44291723_3_I.jpeg"
61,1883,2018,Subaru,Impreza,"https://connectautosales.com/wp-content/uploads/2026/06/44291723_4_I.jpeg"
60,1917,2024,Toyota,Corolla,"https://connectautosales.com/wp-content/uploads/2026/05/a0c288b0-a2e3-446b-b7e7-f9489ee05b71.png"
60,1917,2024,Toyota,Corolla,"https://connectautosales.com/wp-content/uploads/2026/05/1917_car01.jpg"
60,1917,2024,Toyota,Corolla,"https://connectautosales.com/wp-content/uploads/2026/05/1917_car02.jpg"
60,1917,2024,Toyota,Corolla,"https://connectautosales.com/wp-content/uploads/2026/05/1917_car03.jpg"
60,1917,2024,Toyota,Corolla,"https://connectautosales.com/wp-content/uploads/2026/05/1917_car04.jpg"
60,1917,2024,Toyota,Corolla,"https://connectautosales.com/wp-content/uploads/2026/05/1917_car05.jpg"
60,1917,2024,Toyota,Corolla,"https://connectautosales.com/wp-content/uploads/2026/05/1917_car06.jpg"
60,1917,2024,Toyota,Corolla,"https://connectautosales.com/wp-content/uploads/2026/05/1917_car07.jpg"
60,1917,2024,Toyota,Corolla,"https://connectautosales.com/wp-content/uploads/2026/05/1917_car08.jpg"
60,1917,2024,Toyota,Corolla,"https://connectautosales.com/wp-content/uploads/2026/05/1917_car09.jpg"
60,1917,2024,Toyota,Corolla,"https://connectautosales.com/wp-content/uploads/2026/05/1917_car10.jpg"
60,1917,2024,Toyota,Corolla,"https://connectautosales.com/wp-content/uploads/2026/05/1917_car11.jpg"
60,1917,2024,Toyota,Corolla,"https://connectautosales.com/wp-content/uploads/2026/05/1917_car12.jpg"
60,1917,2024,Toyota,Corolla,"https://connectautosales.com/wp-content/uploads/2026/05/1917_car13.jpg"
60,1917,2024,Toyota,Corolla,"https://connectautosales.com/wp-content/uploads/2026/05/1917_car14.jpg"
60,1917,2024,Toyota,Corolla,"https://connectautosales.com/wp-content/uploads/2026/05/1917_car15.jpg"
60,1917,2024,Toyota,Corolla,"https://connectautosales.com/wp-content/uploads/2026/05/1917_car16.jpg"
60,1917,2024,Toyota,Corolla,"https://connectautosales.com/wp-content/uploads/2026/05/1917_car17.jpg"
60,1917,2024,Toyota,Corolla,"https://connectautosales.com/wp-content/uploads/2026/05/resizer-1.jpg"
60,1917,2024,Toyota,Corolla,"https://connectautosales.com/wp-content/uploads/2026/05/resizer-2.jpg"
60,1917,2024,Toyota,Corolla,"https://connectautosales.com/wp-content/uploads/2026/05/resizer-3.jpg"
60,1917,2024,Toyota,Corolla,"https://connectautosales.com/wp-content/uploads/2026/05/resizer.jpg"
58,1736,2018,Chevrolet,Silverado,"https://connectautosales.com/wp-content/uploads/2026/05/5ed68da5-8f2f-4a04-b3e8-c3637d8ee1c5.png"
58,1736,2018,Chevrolet,Silverado,"https://connectautosales.com/wp-content/uploads/2026/05/1736_CAR01.jpg"
58,1736,2018,Chevrolet,Silverado,"https://connectautosales.com/wp-content/uploads/2026/05/1736_CAR02.jpg"
58,1736,2018,Chevrolet,Silverado,"https://connectautosales.com/wp-content/uploads/2026/05/1736_CAR03.jpg"
58,1736,2018,Chevrolet,Silverado,"https://connectautosales.com/wp-content/uploads/2026/05/1736_CAR04.jpg"
58,1736,2018,Chevrolet,Silverado,"https://connectautosales.com/wp-content/uploads/2026/05/1736_CAR05.jpg"
58,1736,2018,Chevrolet,Silverado,"https://connectautosales.com/wp-content/uploads/2026/05/1736_CAR06.jpg"
58,1736,2018,Chevrolet,Silverado,"https://connectautosales.com/wp-content/uploads/2026/05/1736_CAR07.jpg"
58,1736,2018,Chevrolet,Silverado,"https://connectautosales.com/wp-content/uploads/2026/05/1736_CAR08.jpg"
58,1736,2018,Chevrolet,Silverado,"https://connectautosales.com/wp-content/uploads/2026/05/1736_CAR09.jpg"
58,1736,2018,Chevrolet,Silverado,"https://connectautosales.com/wp-content/uploads/2026/05/1736_CAR10.jpg"
58,1736,2018,Chevrolet,Silverado,"https://connectautosales.com/wp-content/uploads/2026/05/1736_CAR11.jpg"
58,1736,2018,Chevrolet,Silverado,"https://connectautosales.com/wp-content/uploads/2026/05/1736_CAR12.jpg"
58,1736,2018,Chevrolet,Silverado,"https://connectautosales.com/wp-content/uploads/2026/05/1736_CAR13.jpg"
58,1736,2018,Chevrolet,Silverado,"https://connectautosales.com/wp-content/uploads/2026/05/1736_CAR14.jpg"
58,1736,2018,Chevrolet,Silverado,"https://connectautosales.com/wp-content/uploads/2026/05/1736_CAR15.jpg"
58,1736,2018,Chevrolet,Silverado,"https://connectautosales.com/wp-content/uploads/2026/05/1736_CAR16.jpg"
58,1736,2018,Chevrolet,Silverado,"https://connectautosales.com/wp-content/uploads/2026/05/1736_CAR17.jpg"
58,1736,2018,Chevrolet,Silverado,"https://connectautosales.com/wp-content/uploads/2026/05/1736_CAR18.jpg"
58,1736,2018,Chevrolet,Silverado,"https://connectautosales.com/wp-content/uploads/2026/05/1736_CAR19.jpg"
58,1736,2018,Chevrolet,Silverado,"https://connectautosales.com/wp-content/uploads/2026/05/43797035_1_I.jpeg"
58,1736,2018,Chevrolet,Silverado,"https://connectautosales.com/wp-content/uploads/2026/05/43797035_2_I.jpeg"
58,1736,2018,Chevrolet,Silverado,"https://connectautosales.com/wp-content/uploads/2026/05/43797035_3_I.jpeg"
58,1736,2018,Chevrolet,Silverado,"https://connectautosales.com/wp-content/uploads/2026/05/43797035_4_I.jpeg"
57,1831,2019,Acura,Tlx,"https://connectautosales.com/wp-content/uploads/2026/05/fcca6614-baf1-4e5a-872f-3bef37fe97d8.png"
57,1831,2019,Acura,Tlx,"https://connectautosales.com/wp-content/uploads/2026/05/1831_CAR01-1.jpg"
57,1831,2019,Acura,Tlx,"https://connectautosales.com/wp-content/uploads/2026/05/1831_CAR02.jpg"
57,1831,2019,Acura,Tlx,"https://connectautosales.com/wp-content/uploads/2026/05/1831_CAR03-1.jpg"
57,1831,2019,Acura,Tlx,"https://connectautosales.com/wp-content/uploads/2026/05/1831_CAR04.jpg"
57,1831,2019,Acura,Tlx,"https://connectautosales.com/wp-content/uploads/2026/05/1831_CAR05-1.jpg"
57,1831,2019,Acura,Tlx,"https://connectautosales.com/wp-content/uploads/2026/05/1831_CAR07-1.jpg"
57,1831,2019,Acura,Tlx,"https://connectautosales.com/wp-content/uploads/2026/05/1831_CAR08.jpg"
57,1831,2019,Acura,Tlx,"https://connectautosales.com/wp-content/uploads/2026/05/1831_CAR09-1.jpg"
57,1831,2019,Acura,Tlx,"https://connectautosales.com/wp-content/uploads/2026/05/1831_CAR10.jpg"
57,1831,2019,Acura,Tlx,"https://connectautosales.com/wp-content/uploads/2026/05/1831_CAR11-1.jpg"
57,1831,2019,Acura,Tlx,"https://connectautosales.com/wp-content/uploads/2026/05/1831_CAR12.jpg"
57,1831,2019,Acura,Tlx,"https://connectautosales.com/wp-content/uploads/2026/05/1831_CAR14-1.jpg"
57,1831,2019,Acura,Tlx,"https://connectautosales.com/wp-content/uploads/2026/05/1831_CAR15-1.jpg"
57,1831,2019,Acura,Tlx,"https://connectautosales.com/wp-content/uploads/2026/05/1831_CAR16-1.jpg"
57,1831,2019,Acura,Tlx,"https://connectautosales.com/wp-content/uploads/2026/05/1831_CAR17.jpg"
57,1831,2019,Acura,Tlx,"https://connectautosales.com/wp-content/uploads/2026/05/1831_CAR18-1.jpg"
57,1831,2019,Acura,Tlx,"https://connectautosales.com/wp-content/uploads/2026/05/1831_CAR19-1.jpg"
57,1831,2019,Acura,Tlx,"https://connectautosales.com/wp-content/uploads/2026/05/1831_CAR20-1.jpg"
57,1831,2019,Acura,Tlx,"https://connectautosales.com/wp-content/uploads/2026/05/44312947_1_I.jpeg"
57,1831,2019,Acura,Tlx,"https://connectautosales.com/wp-content/uploads/2026/05/44312947_2_I.jpeg"
57,1831,2019,Acura,Tlx,"https://connectautosales.com/wp-content/uploads/2026/05/44312947_3_I.jpeg"
57,1831,2019,Acura,Tlx,"https://connectautosales.com/wp-content/uploads/2026/05/44312947_4_I.jpeg"
56,1867,2019,Subaru,Legacy,"https://connectautosales.com/wp-content/uploads/2026/05/462c5caa-b6ef-4469-b26b-1039d79a4bba.png"
56,1867,2019,Subaru,Legacy,"https://connectautosales.com/wp-content/uploads/2026/05/1867_car01.jpg"
56,1867,2019,Subaru,Legacy,"https://connectautosales.com/wp-content/uploads/2026/05/1867_car02.jpg"
56,1867,2019,Subaru,Legacy,"https://connectautosales.com/wp-content/uploads/2026/05/1867_car03.jpg"
56,1867,2019,Subaru,Legacy,"https://connectautosales.com/wp-content/uploads/2026/05/1867_car04.jpg"
56,1867,2019,Subaru,Legacy,"https://connectautosales.com/wp-content/uploads/2026/05/1867_car05.jpg"
56,1867,2019,Subaru,Legacy,"https://connectautosales.com/wp-content/uploads/2026/05/1867_car06.jpg"
56,1867,2019,Subaru,Legacy,"https://connectautosales.com/wp-content/uploads/2026/05/1867_car07.jpg"
56,1867,2019,Subaru,Legacy,"https://connectautosales.com/wp-content/uploads/2026/05/1867_car08.jpg"
56,1867,2019,Subaru,Legacy,"https://connectautosales.com/wp-content/uploads/2026/05/1867_car09.jpg"
56,1867,2019,Subaru,Legacy,"https://connectautosales.com/wp-content/uploads/2026/05/1867_car10.jpg"
56,1867,2019,Subaru,Legacy,"https://connectautosales.com/wp-content/uploads/2026/05/1867_car11.jpg"
56,1867,2019,Subaru,Legacy,"https://connectautosales.com/wp-content/uploads/2026/05/1867_car12.jpg"
56,1867,2019,Subaru,Legacy,"https://connectautosales.com/wp-content/uploads/2026/05/1867_car13.jpg"
56,1867,2019,Subaru,Legacy,"https://connectautosales.com/wp-content/uploads/2026/05/1867_car14.jpg"
56,1867,2019,Subaru,Legacy,"https://connectautosales.com/wp-content/uploads/2026/05/1867_car15.jpg"
56,1867,2019,Subaru,Legacy,"https://connectautosales.com/wp-content/uploads/2026/05/1867_car16.jpg"
56,1867,2019,Subaru,Legacy,"https://connectautosales.com/wp-content/uploads/2026/05/1867_car17.jpg"
56,1867,2019,Subaru,Legacy,"https://connectautosales.com/wp-content/uploads/2026/05/44501665_1_I.jpeg"
56,1867,2019,Subaru,Legacy,"https://connectautosales.com/wp-content/uploads/2026/05/44501665_2_I.jpeg"
56,1867,2019,Subaru,Legacy,"https://connectautosales.com/wp-content/uploads/2026/05/44501665_3_I.jpeg"
56,1867,2019,Subaru,Legacy,"https://connectautosales.com/wp-content/uploads/2026/05/44501665_4_I.jpeg"
55,1862,2024,Coleman,Lantern,"https://connectautosales.com/wp-content/uploads/2026/04/17bd2dd5-a0b7-4011-bdae-1fc3c4fc0fb7.png"
55,1862,2024,Coleman,Lantern,"https://connectautosales.com/wp-content/uploads/2026/04/1862_Car00.jpg"
55,1862,2024,Coleman,Lantern,"https://connectautosales.com/wp-content/uploads/2026/04/1862_Car01.jpg"
55,1862,2024,Coleman,Lantern,"https://connectautosales.com/wp-content/uploads/2026/04/1862_Car02.jpg"
55,1862,2024,Coleman,Lantern,"https://connectautosales.com/wp-content/uploads/2026/04/1862_Car03.jpg"
55,1862,2024,Coleman,Lantern,"https://connectautosales.com/wp-content/uploads/2026/04/1862_Car04.jpg"
55,1862,2024,Coleman,Lantern,"https://connectautosales.com/wp-content/uploads/2026/04/1862_Car05.jpg"
55,1862,2024,Coleman,Lantern,"https://connectautosales.com/wp-content/uploads/2026/04/1862_Car06.jpg"
55,1862,2024,Coleman,Lantern,"https://connectautosales.com/wp-content/uploads/2026/04/1862_Car07.jpg"
55,1862,2024,Coleman,Lantern,"https://connectautosales.com/wp-content/uploads/2026/04/1862_Car09.jpg"
55,1862,2024,Coleman,Lantern,"https://connectautosales.com/wp-content/uploads/2026/04/1862_Car10.jpg"
55,1862,2024,Coleman,Lantern,"https://connectautosales.com/wp-content/uploads/2026/04/1862_Car11.jpg"
55,1862,2024,Coleman,Lantern,"https://connectautosales.com/wp-content/uploads/2026/04/1862_Car12.jpg"
55,1862,2024,Coleman,Lantern,"https://connectautosales.com/wp-content/uploads/2026/04/1862_Car13.jpg"
55,1862,2024,Coleman,Lantern,"https://connectautosales.com/wp-content/uploads/2026/04/1862_Car14.jpg"
55,1862,2024,Coleman,Lantern,"https://connectautosales.com/wp-content/uploads/2026/04/1862_Car15.jpg"
55,1862,2024,Coleman,Lantern,"https://connectautosales.com/wp-content/uploads/2026/04/1862_Car16.jpg"
55,1862,2024,Coleman,Lantern,"https://connectautosales.com/wp-content/uploads/2026/04/1862_Car17.jpg"
55,1862,2024,Coleman,Lantern,"https://connectautosales.com/wp-content/uploads/2026/04/1862_Car18.jpg"
55,1862,2024,Coleman,Lantern,"https://connectautosales.com/wp-content/uploads/2026/04/1862_Car19.jpg"
55,1862,2024,Coleman,Lantern,"https://connectautosales.com/wp-content/uploads/2026/04/1862_Car20.jpg"
55,1862,2024,Coleman,Lantern,"https://connectautosales.com/wp-content/uploads/2026/04/1862_Car21.jpg"
55,1862,2024,Coleman,Lantern,"https://connectautosales.com/wp-content/uploads/2026/04/1862_car22.jpg"
55,1862,2024,Coleman,Lantern,"https://connectautosales.com/wp-content/uploads/2026/04/44075834_1_I.jpeg"
55,1862,2024,Coleman,Lantern,"https://connectautosales.com/wp-content/uploads/2026/04/44075834_2_I.jpeg"
55,1862,2024,Coleman,Lantern,"https://connectautosales.com/wp-content/uploads/2026/04/44075834_3_I.jpeg"
55,1862,2024,Coleman,Lantern,"https://connectautosales.com/wp-content/uploads/2026/04/44075834_4_I.jpeg"
54,1840,2021,Subaru,Forester,"https://connectautosales.com/wp-content/uploads/2026/04/6b3662e7-4400-429a-81a9-c78e88bbf4b6.png"
54,1840,2021,Subaru,Forester,"https://connectautosales.com/wp-content/uploads/2026/04/1840_CAR01.jpg"
54,1840,2021,Subaru,Forester,"https://connectautosales.com/wp-content/uploads/2026/04/1840_CAR02.jpg"
54,1840,2021,Subaru,Forester,"https://connectautosales.com/wp-content/uploads/2026/04/1840_CAR03.jpg"
54,1840,2021,Subaru,Forester,"https://connectautosales.com/wp-content/uploads/2026/04/1840_CAR04.jpg"
54,1840,2021,Subaru,Forester,"https://connectautosales.com/wp-content/uploads/2026/04/1840_CAR05.jpg"
54,1840,2021,Subaru,Forester,"https://connectautosales.com/wp-content/uploads/2026/04/1840_CAR06.jpg"
54,1840,2021,Subaru,Forester,"https://connectautosales.com/wp-content/uploads/2026/04/1840_CAR07.jpg"
54,1840,2021,Subaru,Forester,"https://connectautosales.com/wp-content/uploads/2026/04/1840_CAR08.jpg"
54,1840,2021,Subaru,Forester,"https://connectautosales.com/wp-content/uploads/2026/04/1840_CAR09.jpg"
54,1840,2021,Subaru,Forester,"https://connectautosales.com/wp-content/uploads/2026/04/1840_CAR10.jpg"
54,1840,2021,Subaru,Forester,"https://connectautosales.com/wp-content/uploads/2026/04/1840_CAR11.jpg"
54,1840,2021,Subaru,Forester,"https://connectautosales.com/wp-content/uploads/2026/04/1840_CAR12.jpg"
54,1840,2021,Subaru,Forester,"https://connectautosales.com/wp-content/uploads/2026/04/1840_CAR13.jpg"
54,1840,2021,Subaru,Forester,"https://connectautosales.com/wp-content/uploads/2026/04/1840_CAR14.jpg"
54,1840,2021,Subaru,Forester,"https://connectautosales.com/wp-content/uploads/2026/04/1840_CAR15.jpg"
54,1840,2021,Subaru,Forester,"https://connectautosales.com/wp-content/uploads/2026/04/1840_CAR16.jpg"
54,1840,2021,Subaru,Forester,"https://connectautosales.com/wp-content/uploads/2026/04/1840_CAR17.jpg"
54,1840,2021,Subaru,Forester,"https://connectautosales.com/wp-content/uploads/2026/04/44453090_1_I.jpeg"
54,1840,2021,Subaru,Forester,"https://connectautosales.com/wp-content/uploads/2026/04/44453090_2_I.jpeg"
54,1840,2021,Subaru,Forester,"https://connectautosales.com/wp-content/uploads/2026/04/44453090_3_I.jpeg"
54,1840,2021,Subaru,Forester,"https://connectautosales.com/wp-content/uploads/2026/04/44453090_4_I.jpeg"
53,1466,2018,Jeep,Wrangler,"https://connectautosales.com/wp-content/uploads/2026/03/ChatGPT-Image-May-11-2026-11_28_41-PM.png"
53,1466,2018,Jeep,Wrangler,"https://connectautosales.com/wp-content/uploads/2026/03/1466_CAR01.jpg"
53,1466,2018,Jeep,Wrangler,"https://connectautosales.com/wp-content/uploads/2026/03/1466_CAR02.jpg"
53,1466,2018,Jeep,Wrangler,"https://connectautosales.com/wp-content/uploads/2026/03/1466_CAR03.jpg"
53,1466,2018,Jeep,Wrangler,"https://connectautosales.com/wp-content/uploads/2026/03/1466_CAR04.jpg"
53,1466,2018,Jeep,Wrangler,"https://connectautosales.com/wp-content/uploads/2026/03/1466_CAR05.jpg"
53,1466,2018,Jeep,Wrangler,"https://connectautosales.com/wp-content/uploads/2026/03/1466_CAR06.jpg"
53,1466,2018,Jeep,Wrangler,"https://connectautosales.com/wp-content/uploads/2026/03/1466_CAR07.jpg"
53,1466,2018,Jeep,Wrangler,"https://connectautosales.com/wp-content/uploads/2026/03/1466_CAR08.jpg"
53,1466,2018,Jeep,Wrangler,"https://connectautosales.com/wp-content/uploads/2026/03/1466_CAR09.jpg"
53,1466,2018,Jeep,Wrangler,"https://connectautosales.com/wp-content/uploads/2026/03/1466_CAR10.jpg"
53,1466,2018,Jeep,Wrangler,"https://connectautosales.com/wp-content/uploads/2026/03/1466_CAR11.jpg"
53,1466,2018,Jeep,Wrangler,"https://connectautosales.com/wp-content/uploads/2026/03/1466_CAR12.jpg"
53,1466,2018,Jeep,Wrangler,"https://connectautosales.com/wp-content/uploads/2026/03/1466_CAR13.jpg"
53,1466,2018,Jeep,Wrangler,"https://connectautosales.com/wp-content/uploads/2026/03/1466_CAR14.jpg"
53,1466,2018,Jeep,Wrangler,"https://connectautosales.com/wp-content/uploads/2026/03/1466_CAR15.jpg"
53,1466,2018,Jeep,Wrangler,"https://connectautosales.com/wp-content/uploads/2026/03/1466_CAR16.jpg"
53,1466,2018,Jeep,Wrangler,"https://connectautosales.com/wp-content/uploads/2026/03/41399944_1_I.jpeg"
53,1466,2018,Jeep,Wrangler,"https://connectautosales.com/wp-content/uploads/2026/03/41399944_2_I.jpeg"
53,1466,2018,Jeep,Wrangler,"https://connectautosales.com/wp-content/uploads/2026/03/41399944_3_I.jpeg"
53,1466,2018,Jeep,Wrangler,"https://connectautosales.com/wp-content/uploads/2026/03/41399944_4_I.jpeg"
52,1769,2018,Honda,Pilot,"https://connectautosales.com/wp-content/uploads/2026/02/ea83a298-2396-4da2-8096-a0b78e317e73.png"
52,1769,2018,Honda,Pilot,"https://connectautosales.com/wp-content/uploads/2026/02/1769_CAR01.jpg"
52,1769,2018,Honda,Pilot,"https://connectautosales.com/wp-content/uploads/2026/02/1769_CAR02.jpg"
52,1769,2018,Honda,Pilot,"https://connectautosales.com/wp-content/uploads/2026/02/1769_CAR03.jpg"
52,1769,2018,Honda,Pilot,"https://connectautosales.com/wp-content/uploads/2026/02/1769_CAR04.jpg"
52,1769,2018,Honda,Pilot,"https://connectautosales.com/wp-content/uploads/2026/02/1769_CAR05.jpg"
52,1769,2018,Honda,Pilot,"https://connectautosales.com/wp-content/uploads/2026/02/1769_CAR06.jpg"
52,1769,2018,Honda,Pilot,"https://connectautosales.com/wp-content/uploads/2026/02/1769_CAR07.jpg"
52,1769,2018,Honda,Pilot,"https://connectautosales.com/wp-content/uploads/2026/02/1769_CAR08.jpg"
52,1769,2018,Honda,Pilot,"https://connectautosales.com/wp-content/uploads/2026/02/1769_CAR09.jpg"
52,1769,2018,Honda,Pilot,"https://connectautosales.com/wp-content/uploads/2026/02/1769_CAR10.jpg"
52,1769,2018,Honda,Pilot,"https://connectautosales.com/wp-content/uploads/2026/02/1769_CAR11.jpg"
52,1769,2018,Honda,Pilot,"https://connectautosales.com/wp-content/uploads/2026/02/1769_CAR12.jpg"
52,1769,2018,Honda,Pilot,"https://connectautosales.com/wp-content/uploads/2026/02/1769_CAR13.jpg"
52,1769,2018,Honda,Pilot,"https://connectautosales.com/wp-content/uploads/2026/02/1769_CAR14.jpg"
52,1769,2018,Honda,Pilot,"https://connectautosales.com/wp-content/uploads/2026/02/1769_CAR15.jpg"
52,1769,2018,Honda,Pilot,"https://connectautosales.com/wp-content/uploads/2026/02/1769_CAR16.jpg"
52,1769,2018,Honda,Pilot,"https://connectautosales.com/wp-content/uploads/2026/02/1769_CAR17.jpg"
52,1769,2018,Honda,Pilot,"https://connectautosales.com/wp-content/uploads/2026/02/43955934_1_I.jpeg"
52,1769,2018,Honda,Pilot,"https://connectautosales.com/wp-content/uploads/2026/02/43955934_2_I.jpeg"
52,1769,2018,Honda,Pilot,"https://connectautosales.com/wp-content/uploads/2026/02/43955934_3_I.jpeg"
52,1769,2018,Honda,Pilot,"https://connectautosales.com/wp-content/uploads/2026/02/43955934_4_I.jpeg"
51,1713,2020,Ford,Edge,"https://connectautosales.com/wp-content/uploads/2026/02/6e04af76-5f9c-4377-8f95-2feb510e7144.png"
51,1713,2020,Ford,Edge,"https://connectautosales.com/wp-content/uploads/2026/02/1713_CAR01.jpg"
51,1713,2020,Ford,Edge,"https://connectautosales.com/wp-content/uploads/2026/02/1713_CAR02.jpg"
51,1713,2020,Ford,Edge,"https://connectautosales.com/wp-content/uploads/2026/02/1713_CAR03.jpg"
51,1713,2020,Ford,Edge,"https://connectautosales.com/wp-content/uploads/2026/02/1713_CAR04.jpg"
51,1713,2020,Ford,Edge,"https://connectautosales.com/wp-content/uploads/2026/02/1713_CAR05.jpg"
51,1713,2020,Ford,Edge,"https://connectautosales.com/wp-content/uploads/2026/02/1713_CAR06.jpg"
51,1713,2020,Ford,Edge,"https://connectautosales.com/wp-content/uploads/2026/02/1713_CAR07.jpg"
51,1713,2020,Ford,Edge,"https://connectautosales.com/wp-content/uploads/2026/02/1713_CAR08.jpg"
51,1713,2020,Ford,Edge,"https://connectautosales.com/wp-content/uploads/2026/02/1713_CAR09.jpg"
51,1713,2020,Ford,Edge,"https://connectautosales.com/wp-content/uploads/2026/02/1713_CAR10.jpg"
51,1713,2020,Ford,Edge,"https://connectautosales.com/wp-content/uploads/2026/02/1713_CAR11.jpg"
51,1713,2020,Ford,Edge,"https://connectautosales.com/wp-content/uploads/2026/02/1713_CAR12.jpg"
51,1713,2020,Ford,Edge,"https://connectautosales.com/wp-content/uploads/2026/02/1713_CAR13.jpg"
51,1713,2020,Ford,Edge,"https://connectautosales.com/wp-content/uploads/2026/02/1713_CAR14.jpg"
51,1713,2020,Ford,Edge,"https://connectautosales.com/wp-content/uploads/2026/02/1713_CAR15.jpg"
51,1713,2020,Ford,Edge,"https://connectautosales.com/wp-content/uploads/2026/02/1713_CAR16.jpg"
51,1713,2020,Ford,Edge,"https://connectautosales.com/wp-content/uploads/2026/02/1713_CAR17.jpg"
51,1713,2020,Ford,Edge,"https://connectautosales.com/wp-content/uploads/2026/02/1713_CAR18.jpg"
51,1713,2020,Ford,Edge,"https://connectautosales.com/wp-content/uploads/2026/02/43430667_1_I.jpeg"
51,1713,2020,Ford,Edge,"https://connectautosales.com/wp-content/uploads/2026/02/43430667_2_I.jpeg"
51,1713,2020,Ford,Edge,"https://connectautosales.com/wp-content/uploads/2026/02/43430667_3_I.jpeg"
51,1713,2020,Ford,Edge,"https://connectautosales.com/wp-content/uploads/2026/02/43430667_4_I.jpeg"
50,1755,2021,Ford,Edge,"https://connectautosales.com/wp-content/uploads/2026/01/a579dbc7-8023-4237-a645-b3a022d36ec5.png"
50,1755,2021,Ford,Edge,"https://connectautosales.com/wp-content/uploads/2026/01/1755_CAR01.png"
50,1755,2021,Ford,Edge,"https://connectautosales.com/wp-content/uploads/2026/01/1755_CAR02.png"
50,1755,2021,Ford,Edge,"https://connectautosales.com/wp-content/uploads/2026/01/1755_CAR03.png"
50,1755,2021,Ford,Edge,"https://connectautosales.com/wp-content/uploads/2026/01/1755_CAR04.png"
50,1755,2021,Ford,Edge,"https://connectautosales.com/wp-content/uploads/2026/01/1755_CAR05.png"
50,1755,2021,Ford,Edge,"https://connectautosales.com/wp-content/uploads/2026/01/1755_CAR06.png"
50,1755,2021,Ford,Edge,"https://connectautosales.com/wp-content/uploads/2026/01/1755_car07.jpg"
50,1755,2021,Ford,Edge,"https://connectautosales.com/wp-content/uploads/2026/01/1755_car08.jpg"
50,1755,2021,Ford,Edge,"https://connectautosales.com/wp-content/uploads/2026/01/1755_car09.jpg"
50,1755,2021,Ford,Edge,"https://connectautosales.com/wp-content/uploads/2026/01/1755_car10.jpg"
50,1755,2021,Ford,Edge,"https://connectautosales.com/wp-content/uploads/2026/01/1755_car11.jpg"
50,1755,2021,Ford,Edge,"https://connectautosales.com/wp-content/uploads/2026/01/1755_car12.jpg"
50,1755,2021,Ford,Edge,"https://connectautosales.com/wp-content/uploads/2026/01/1755_car13.jpg"
50,1755,2021,Ford,Edge,"https://connectautosales.com/wp-content/uploads/2026/01/1755_car14.jpg"
50,1755,2021,Ford,Edge,"https://connectautosales.com/wp-content/uploads/2026/01/1755_car15.jpg"
50,1755,2021,Ford,Edge,"https://connectautosales.com/wp-content/uploads/2026/01/1755_car16.jpg"
50,1755,2021,Ford,Edge,"https://connectautosales.com/wp-content/uploads/2026/01/1755_car17.jpg"
50,1755,2021,Ford,Edge,"https://connectautosales.com/wp-content/uploads/2026/01/43618910_1_I.jpeg"
50,1755,2021,Ford,Edge,"https://connectautosales.com/wp-content/uploads/2026/01/43618910_2_I.jpeg"
50,1755,2021,Ford,Edge,"https://connectautosales.com/wp-content/uploads/2026/01/43618910_3_I.jpeg"
50,1755,2021,Ford,Edge,"https://connectautosales.com/wp-content/uploads/2026/01/43618910_4_I.jpeg"
49,1345,2021,Harley-davidson,Xl1200,"https://connectautosales.com/wp-content/uploads/2025/09/a6213096-af66-45eb-a1c9-469248e66e17.png"
49,1345,2021,Harley-davidson,Xl1200,"https://connectautosales.com/wp-content/uploads/2025/09/1345_car01.jpg"
49,1345,2021,Harley-davidson,Xl1200,"https://connectautosales.com/wp-content/uploads/2025/09/1345_car02.jpg"
49,1345,2021,Harley-davidson,Xl1200,"https://connectautosales.com/wp-content/uploads/2025/09/1345_car03.jpg"
49,1345,2021,Harley-davidson,Xl1200,"https://connectautosales.com/wp-content/uploads/2025/09/1345_car04.jpg"
49,1345,2021,Harley-davidson,Xl1200,"https://connectautosales.com/wp-content/uploads/2025/09/1345_car05.jpg"
49,1345,2021,Harley-davidson,Xl1200,"https://connectautosales.com/wp-content/uploads/2025/09/1345_car06.jpg"
49,1345,2021,Harley-davidson,Xl1200,"https://connectautosales.com/wp-content/uploads/2025/09/1345_car07.jpg"
49,1345,2021,Harley-davidson,Xl1200,"https://connectautosales.com/wp-content/uploads/2025/09/1345_car08.jpg"
49,1345,2021,Harley-davidson,Xl1200,"https://connectautosales.com/wp-content/uploads/2025/09/1345_car09.jpg"
49,1345,2021,Harley-davidson,Xl1200,"https://connectautosales.com/wp-content/uploads/2025/09/1345_car10.jpg"
49,1345,2021,Harley-davidson,Xl1200,"https://connectautosales.com/wp-content/uploads/2025/09/40746265_1_I.jpeg"
49,1345,2021,Harley-davidson,Xl1200,"https://connectautosales.com/wp-content/uploads/2025/09/40746265_2_I.jpeg"
49,1345,2021,Harley-davidson,Xl1200,"https://connectautosales.com/wp-content/uploads/2025/09/40746265_3_I.jpeg"
49,1345,2021,Harley-davidson,Xl1200,"https://connectautosales.com/wp-content/uploads/2025/09/40746265_4_I.jpeg"